production_budget_usd,worldwide_gross_usd
10000000,1000000
10000000,1000000
10000000,1001437
10000000,1002572859
10000000,1005840
10000000,1011054
10000000,1011535
10000000,1017003568
10000000,1019922983
10000000,1022453
10000000,1022617376
10000000,1022649
10000000,1025491110
10000000,1027044677
10000000,1027228
10000000,1032075
10000000,1033810
10000000,1036
10000000,1038812584
10000000,1045663875
10000000,1049641
10000000,1050861
10000000,1050988488
10000000,1051907
10000000,1060512
10000000,1065907
10000000,1066215812
10000000,1066555
10000000,1069318
10000000,1069454
10000000,1069818229
10000000,1075009
10000000,1075504
10000000,1079040
10000000,1080428
10000000,1083350
10000000,1084439099
10000000,1087521
10000000,1100287
10000000,1104039076
10000000,1109276
10000000,1110526981
10000000,1111615
10000000,1123790543
10000000,1126258
10000000,1131261
10000000,1134358
10000000,1140965
10000000,1141403341
10000000,1147784
10000000,1148578
10000000,1151684349
10000000,1152117
10000000,1152411
10000000,1156309
10000000,1157672
10000000,1158877
10000000,1160
10000000,1161843
10000000,1162014
10000000,1165102
10000000,1165996
10000000,1167092
10000000,1167245366
10000000,1167524
10000000,1178175
10000000,1179462
10000000,1188194
10000000,1190003
10000000,1199510
10000000,1200000
10000000,1200346
10000000,1215392272
10000000,1217
10000000,1217307
10000000,1227508
10000000,1230542
10000000,1237444462
10000000,1237615
10000000,1239174
10000000,1242
10000000,1246141
10000000,1250617
10000000,1250798
10000000,1260122363
10000000,1261792
10000000,1268346
10000000,1269705
10000000,1274234980
10000000,1278471
10000000,1290920
10000000,1297745
10000000,1299855
10000000,1305114
10000000,1308696
10000000,1310470
10000000,1320043
10000000,1322161
10000000,1324299
10000000,1333891
10000000,1336
10000000,1338
10000000,1341511219
10000000,1348750
10000000,1353296
10000000,1353824
10000000,1355079
10000000,1355728
10000000,1358
10000000,1365108
10000000,1366235
10000000,1373407
10000000,1375194
10000000,1375635
10000000,1381824
10000000,1386088
10000000,1391410
10000000,1396395
10000000,1404705868
10000000,1405032
10000000,1412799
10000000,1415656
10000000,1416046
10000000,1418304
10000000,1420418
10000000,1425707
10000000,1429453
10000000,1433319
10000000,1445140
10000000,1467278
10000000,1480089
10000000,1492895
10000000,1500000
10000000,1500000
10000000,1500711
10000000,1504960
10000000,1513388
10000000,1516748684
10000000,1519479547
10000000,1526697
10000000,1537479
10000000,1541131
10000000,1545064
10100000,1549000
10100000,1553556
10100000,1562800
10350000,1577585
10400000,1590246
10500000,1595168
10500000,1597233
10500000,1600566
10500000,1610194
10600000,1612957
10600000,1615787
10700000,1619602
10700000,1620056
10750000,1628579
10800000,1632
10800000,1635241
10800000,1638202
100000,1641788
100000,1642939
100000,1646664
100000,1647780
100000,1660865
100000,1661464
100000,1663296
100000,1671640593
100000,1673635
100000,1686429
100000,1687548
100000,1693000
100000,1695126
100000,1696765
100000,1705139
100000,1705908
100000,1711
100000,1732228
100000,1733532
100000000,1738663
100000000,1744952
100000000,1769316
100000000,1772979
100000000,1778
100000000,1779284
100000000,1788168
100000000,1788324
100000000,1807990
100000000,1821983
100000000,1822
100000000,1828400
100000000,1840248
100000000,1844228
100000000,1849392
100000000,1857458
100000000,1869928
100000000,1884251
100000000,1891936
100000000,1903952
100000000,1919197
100000000,1933829
100000000,1945420
100000000,1953732
100000000,1953882
100000000,1954202
100000000,1960521
100000000,1970268
100000000,1971479
100000000,1973945
100000000,1983596
100000000,1985292
100000000,1987
100000000,1989035
100000000,10000000
100000000,10000000
100000000,10000000
100000000,10000000
100000000,10000650
100000000,10014234
100000000,10019109
102000000,10020081
102000000,10020889
102000000,10024
102500000,10026255
103000,10037390
103000000,10039566
103000000,10051516
103000000,10062896
103300000,10066366
105000000,10070651
105000000,10097096
105000000,10106975
105000000,10108016
105000000,10137234
105000000,10143618
108000000,10155691
109000000,10157534
109000000,10158355
109000000,10166209
11000000,10172519
11000000,10176701
11000000,10192613
11000000,10206551
11000000,10212403
11000000,10229300
11000000,10237239
11000000,10243159
11000000,10317779
11000000,10319915
11000000,10341093
11000000,10359006
11000000,10364769
11000000,10386814
11000000,10392666
11000000,10393696
11000000,10397365
11000000,10400000
11000000,10400000
11000000,10412485
11000000,10419084
11000000,10426506
11000000,10431506
11000000,10447579
11000000,10462500
11000000,10468867
11000000,10473836
11000000,10508
11000000,10513979
11000000,10514
11000000,10537341
11000000,10555348
11000000,10557291
11000000,10561038
11000000,10570375
11000000,10571408
11000000,10597070
11000000,10618813
11000000,10619770
11000000,10629320
11000000,10637281
11000000,10642023
11000000,10660147
11000000,10672492
11000000,10672566
11000000,10676073
11000000,10679
11400000,10686841
11500000,10696210
11500000,10717421
11500000,10725228
11900000,10731997
11900000,10732909
11900000,10744134
110000,10751126
110000000,10763183
110000000,10763469
110000000,10765283
110000000,10770993
110000000,10803211
110000000,10827356
110000000,10828305
110000000,10834406
110000000,10845127
110000000,10849158
110000000,10876
110000000,10898293
110000000,10941801
110000000,10951153
110000000,100230832
110000000,100280
110000000,100486616
110000000,100622586
110000000,100642353
110000000,100645801
110000000,100655892
110000000,100687083
110000000,100833145
110000000,100851897
110000000,100919111
110000000,100993260
112000000,101134059
113500000,101162106
114000,101173038
115000000,101363301
115000000,101371017
115000000,101379287
115000000,101382396
115000000,101531
115000000,101564935
115000000,101636047
115000000,101740
117000000,101759490
12000,101773
12000,101857425
12000,101937062
12000000,102034104
12000000,102053581
12000000,102115888
12000000,102226631
12000000,102236596
12000000,102300000
12000000,102308900
12000000,102332135
12000000,102332848
12000000,102404019
12000000,102645
12000000,102716321
12000000,102746214
12000000,102812
12000000,102825796
12000000,102836002
12000000,102912961
12000000,102992536
12000000,103028188
12000000,103039258
12000000,103215094
12000000,103284813
12000000,103429755
12000000,103452875
12000000,103509
12000000,103683342
12000000,103735965
12000000,103787401
12000000,103880027
12000000,103891409
12000000,103962
12000000,104100903
12000000,104267443
12000000,104283753
12000000,104324083
12000000,104364680
12000000,104407366
12000000,104429625
12000000,104488383
12000000,104504817
12000000,104505362
12000000,104907746
12000000,105002056
12000000,105021488
12000000,105103783
12000000,105159085
12000000,105173042
12000000,105246941
12000000,105299638
12000000,105377
12000000,105445109
12000000,105887837
12000000,105945357
12000000,106000000
12000000,106030660
12000000,106282604
12000000,106466
12000000,106511453
12000000,106515310
12000000,106548738
12000000,106593296
12000000,107054484
12000000,107190108
12000000,107212751
12000000,107217396
12000000,107597242
12000000,107752036
12000000,107822813
12000000,107967319
12000000,108086731
12000000,108119662
12000000,108185706
12000000,108286422
12000000,108469033
12000000,108758521
12000000,108907
12000000,108981275
12000000,108996113
12000000,109144
12000000,109175673
12000000,109273197
12000000,109362966
12000000,109383
12000000,109421911
12000000,109492484
12000000,109793192
12000000,109843390
12000000,109848461
12000000,109862682
12000000,11000000
12000000,11000000
12000000,11000000
12000000,11000000
12000000,11000000
12000000,11014685
12000000,11022696
12000000,11052713
12000000,11100000
12000000,11106
12000000,11115766
12000000,11131455
12000000,11141213
12000000,11156471
12000000,11166615
12000000,11173718
12000000,11191423
12000000,11203026
12000000,11227824
12000000,11229035
12000000,11234552
12000000,11253821
12000000,11263263
12300000,11263966
12500000,11267511
12500000,11277119
12500000,11322573
12500000,11348205
12500000,11354230
12500000,11400000
12500000,11427090
12500000,11495204
12500000,11532774
12500000,11537539
12500000,11540112
12500000,11546543
12500000,11559747
12500000,11574
12500000,11578022
12500000,11599903
12500000,11603545
12500000,11614954
12500000,11633427
12500000,11634458
12500000,11642254
12500000,11732088
12500000,11738256
12600000,11744471
12700000,11744960
12800000,11745931
120000,11756922
120000,11758418
120000,11766959
120000,11768371
120000,11774
120000000,11778396
120000000,11784569
120000000,11799060
120000000,11806119
120000000,11810854
120000000,11813410
120000000,11813989
120000000,11826980
120000000,11831131
120000000,11843260
120000000,11894
120000000,11919578
120000000,11924041
120000000,11993156
120000000,110387072
120000000,110400000
120000000,110521733
123000000,110536
125000,110623265
125000,110678636
125000,110719
125000000,110989157
125000000,111300835
125000000,111448997
125000000,111534881
125000000,111600000
125000000,111854182
125000000,111859493
125000000,111946251
125000000,112006296
125000000,112036870
125000000,112214531
125000000,112610386
125000000,112798051
125000000,112914167
125000000,112964875
125000000,113169
125000000,113309743
125000000,113325743
125000000,113354449
125000000,113373764
125000000,113402302
125000000,113417762
127000000,113433
127000000,113487912
127500000,113542091
127500000,113611666
13000000,113622499
13000000,113783
13000000,113805580
13000000,113916474
13000000,114576403
13000000,114658262
13000000,114770654
13000000,114830111
13000000,114962525
13000000,114979922
13000000,115021008
13000000,115036108
13000000,115121608
13000000,115150424
13000000,115592
13000000,115592104
13000000,115879
13000000,116000000
13000000,116025023
13000000,116044347
13000000,116177695
13000000,116625798
13000000,116773317
13000000,116809717
13000000,116898028
13000000,117085297
13000000,117211892
13000000,117448157
13000000,117523786
13000000,117615211
13000000,117729621
13000000,117796
13000000,117800000
13000000,118097882
13000000,118209778
13000000,118482
13000000,118537627
13000000,118556530
13000000,118557124
13000000,118583844
13000000,118666
13000000,118729073
13000000,118888025
13000000,119114494
13000000,119180938
13000000,119295584
13000000,119452
13000000,119500000
13000000,119512771
13000000,119627047
13000000,119668350
13000000,119721296
13000000,119739110
13000000,119841
13000000,119923801
13000000,12000000
13000000,12000000
13000000,12017369
13000000,12023606
13000000,12031443
13000000,12051924
13000000,12069719
13200000,12079308
13300000,12179708
13300000,12212417
13400000,12219367
13500000,12231500
13500000,12232
13500000,12232628
13500000,12247682
13500000,12254746
13500000,12262065
13500000,12267275
13500000,12291975
13700000,12300000
13700000,12302
13900000,12309980
130000000,12335036
130000000,12342632
130000000,12345883
130000000,12372410
130000000,12376563
130000000,12397613
130000000,12398628
130000000,12405473
130000000,12412889
130000000,12413949
130000000,12419700
130000000,12444
130000000,12452601
130000000,12500000
130000000,12506188
130000000,12512317
132000000,12516222
132000000,12519804
134000,12532777
135000,12554569
135000000,12577401
135000000,12591270
135000000,12592907
135000000,12600000
135000000,12604
135000000,12624471
135000000,12636
135000000,12657377
135000000,12667
136200000,12669914
137000000,12678312
137000000,12740705
137500000,12793213
138000000,12800000
138000000,12801190
139000000,12803305
14000000,12819501
14000000,12836
14000000,12848
14000000,12850033
14000000,12900000
14000000,12900000
14000000,12905901
14000000,12923936
14000000,12930343
14000000,12931569
14000000,12947763
14000000,12961389
14000000,12967829
14000000,12996
14000000,120000000
14000000,120016
14000000,120100000
14000000,120192350
14000000,120455994
14000000,120678444
14000000,120832383
14000000,120925697
14000000,121016
14000000,121032272
14000000,121100000
14000000,121327628
14000000,121671925
14000000,121706019
14000000,121807
14000000,122071435
14000000,122079192
14000000,122133227
14000000,122213085
14000000,122244329
14000000,122519874
14000000,122529966
14000000,123327692
14000000,123407
14000000,123681790
14000000,123696741
14000000,123709460
14000000,123888320
14000000,123922370
14000000,123954323
14000000,124304264
14000000,124514011
14000000,124715863
14000000,124823094
14000000,124827316
14000000,124900000
14000000,125168734
14000000,125169
14000000,125212904
14000000,125250091
14000000,125339088
14000000,126037057
14000000,126069509
14000000,126204977
14200000,126247
14400000,126387
14500000,126425115
14500000,126539117
14500000,126549607
14500000,126646119
14600000,126931325
140000,127188
140000,127234389
140000000,127361412
140000000,127630030
140000000,127767889
140000000,127983283
140000000,127990741
140000000,128131571
140000000,128256712
140000000,128402901
140000000,128468793
140000000,128745578
140000000,128792135
140000000,128874043
142000000,128884494
144000000,128885873
145000000,128955898
145000000,129075270
145000000,129115
145000000,129262388
145000000,129319
145000000,129779728
145000000,129832389
149000000,13000000
15000,13000000
15000,13000000
15000,13000959
15000000,13007551
15000000,13019253
15000000,13024170
15000000,13038660
15000000,13052741
15000000,13061935
15000000,13075390
15000000,13099931
15000000,13129846
15000000,13134
15000000,13168809
15000000,13174426
15000000,13200000
15000000,13203044
15000000,13205411
15000000,13208023
15000000,13233220
15000000,13248444
15000000,13353855
15000000,13383747
15000000,13400000
15000000,13417292
15000000,13423176
15000000,13424365
15000000,13446115
15000000,13447998
15000000,13454474
15000000,13465
15000000,13480196
15000000,13486
15000000,13508635
15000000,13524
15000000,13555988
15000000,13558739
15000000,13593473
15000000,13596911
15000000,13601109
15000000,13636339
15000000,13644292
15000000,13680000
15000000,13684949
15000000,13711903
15000000,13719474
15000000,13722
15000000,13725032
15000000,13738574
15000000,13747234
15000000,13767816
15000000,13771817
15000000,13795053
15000000,13800000
15000000,13801755
15000000,13835130
15000000,13854000
15000000,13881317
15000000,13912289
15000000,13973532
15000000,130214162
15000000,130402010
15000000,130580730
15000000,130673154
15000000,130759651
15000000,130788243
15000000,130874
15000000,130953026
15000000,130968579
15000000,131011757
15000000,131052444
15000000,131159306
15000000,131159781
15000000,131234406
15000000,131237688
15000000,131263370
15000000,131377412
15000000,131445884
15000000,131492772
15000000,131945303
15000000,132121212
15000000,132397389
15000000,132440066
15000000,132493015
15000000,132999811
15000000,133000000
15000000,133085295
15000000,133162752
15000000,133276359
15000000,133411
15000000,133553464
15000000,133603463
15000000,133735284
15000000,133818283
15000000,133946923
15000000,134612435
15000000,134624
15000000,134639780
15000000,134993774
15000000,135015330
15000000,135436
15000000,135759694
15000000,135808837
15000000,136047317
15000000,136123083
15000000,136143605
15000000,136706683
15000000,136890774
15000000,136998907
15000000,137022245
15000000,137047376
15000000,137162560
15000000,137298489
15000000,137431619
15000000,137489730
15000000,137551594
15000000,137768975
15000000,137963328
15000000,137984788
15000000,138711
15000000,139000000
15000000,139084
15000000,139109346
15000000,139317
15000000,139359078
15000000,139474906
15000000,139700000
15000000,139716717
15000000,139801290
15000000,139840525
15000000,139877913
15000000,14000
15000000,14000000
15000000,14010363
15000000,14108518
15000000,14114000
15000000,14121177
15000000,14140402
15000000,14156753
15000000,14189810
15000000,14231669
15000000,14237880
15000000,14249005
15000000,14252830
15000000,14253760
15000000,14271297
15000000,14291999
15000000,14294842
15000000,14305540
15000000,14314407
15000000,14319195
15000000,14321070
15000000,14334401
15000000,14343976
15000000,14358033
15000000,14375181
15000000,14378353
15000000,14395874
15000000,14400000
15000000,14400000
15000000,14441158
15000000,14443
15000000,14448589
15000000,14469428
15000000,14471440
15000000,14488705
15000000,14518884
15250000,14533681
15300000,14545844
15500000,14553807
15500000,14564000
15500000,14566246
15500000,14603001
15500000,14616
15600000,14618727
150000,14623082
150000,14683763
150000,14786394
150000,14792779
150000,14805812
150000,14807531
150000,14811980
150000,14812
150000,14816379
150000,14816494
150000000,14839383
150000000,14843425
150000000,14873
150000000,14883495
150000000,14933713
150000000,14938149
150000000,14942422
150000000,14947243
150000000,14970038
150000000,14999638
150000000,140000000
150000000,140012608
150000000,140016
150000000,140122225
150000000,140428314
150000000,140428499
150000000,140556781
150000000,140619520
150000000,140845191
150000000,140894685
150000000,140900000
150000000,140949327
150000000,141189101
150000000,141200000
150000000,141205169
150000000,141247413
150000000,141267370
150000000,141475336
150000000,141484812
150000000,141600000
150000000,141661
150000000,141809235
150000000,142033509
150000000,142051255
150000000,142634358
150000000,142783718
150000000,143049560
151000000,143273
151500000,143490
152000000,143782
155000000,143985708
155000000,144110682
155000000,144529078
156000000,145238250
16000000,145382
16000000,145395745
16000000,145443360
16000000,145594548
16000000,145712897
16000000,146083
16000000,146149
16000000,146162920
16000000,146195159
16000000,146300356
16000000,146402
16000000,146590987
16000000,146595891
16000000,146850273
16000000,147080413
16000000,147142328
16000000,147299
16000000,147542381
16000000,147985373
16000000,148095566
16000000,148168459
16000000,148345997
16000000,148586910
16000000,148715342
16000000,148826
16000000,148868835
16000000,149022650
16000000,149217355
16000000,149228078
16000000,149270999
16000000,149705852
16000000,149717124
16000000,149804632
16000000,15000000
16000000,15000000
16000000,15000000
16000000,15000000
16000000,15024232
16000000,15037867
16000000,15055091
16000000,15064948
16000000,15091
16000000,15118795
16000000,15126948
16000000,15132211
16000000,15136870
16000000,15137932
16000000,15155021
16000000,15155095
16000000,15156
16000000,15164492
16000000,15171475
16000000,15198
16000000,15198912
16400000,15200000
16500000,15206330
16500000,15297318
16500000,15298355
16500000,15313631
16500000,15318257
16500000,15358583
16500000,15396525
16500000,15434375
16800000,15452978
16800000,15461638
160000,15466961
160000,15468266
160000000,15471229
160000000,15471969
160000000,15473333
160000000,15505922
160000000,15549702
160000000,15600000
160000000,15644196
160000000,15668012
160000000,15680099
160000000,15696146
160000000,15700000
160000000,15716828
163000000,15728335
165000000,15815509
165000000,15826984
165000000,15867314
165000000,15907411
165000000,15911332
165000000,15935068
165000000,15943081
168000,15980376
17000000,150000000
17000000,150191
17000000,150350000
17000000,150422946
17000000,150468000
17000000,150519217
17000000,150562164
17000000,150886329
17000000,151463090
17000000,151496097
17000000,151668774
17000000,151716815
17000000,151947179
17000000,152022333
17000000,152036382
17000000,152266007
17000000,152269033
17000000,152364370
17000000,152449
17000000,152457863
17000000,152500343
17000000,152566881
17000000,152627960
17000000,152925093
17000000,153007424
17000000,153060045
17000000,153535982
17000000,153698625
17000000,153733800
17000000,154017885
17000000,154110769
17000000,154218168
17000000,154338601
17000000,154362963
17000000,155011165
17000000,155056263
17000000,155200000
17000000,155564919
17000000,155708695
17000000,155750628
17000000,155769678
17000000,155931301
17000000,156167015
17000000,156229050
17000000,156362
17000000,156399644
17000000,156553592
17000000,156602194
17300,156612
17500000,156815529
17500000,156822020
17500000,156835197
17500000,156974557
17500000,157002
17500000,157092943
17500000,157670733
17500000,157794205
17500000,157956466
17500000,158185073
17700000,158500000
17900000,158527918
170000,158701644
170000,158702748
170000000,158750817
170000000,158905324
170000000,158908290
170000000,158926474
170000000,159157447
170000000,159356941
170000000,159387195
170000000,159616327
170000000,159691085
170000000,159745279
175000,159762983
175000,159846429
175000,16011975
175000,16017403
175000000,16038343
175000000,16084310
175000000,16118077
175000000,16123323
175000000,16131551
175000000,16137
175000000,16140842
175000000,16149180
175000000,16149791
175000000,16153000
175000000,16157923
175000000,16172200
175000000,16173593
175000000,16173879
178000000,16193713
178000000,16235738
179000000,16295774
18000000,16304786
18000000,16311335
18000000,16316273
18000000,16349034
18000000,16369708
18000000,16382538
18000000,16425701
18000000,16498827
18000000,16510971
18000000,16515203
18000000,16521410
18000000,16553163
18000000,16556
18000000,16566235
18000000,16566240
18000000,16581575
18000000,16585503
18000000,16610760
18000000,16612072
18000000,16628751
18000000,16640210
18000000,16653
18000000,16667084
18000000,16723377
18000000,16727470
18000000,16757163
18000000,16829464
18000000,16830252
18000000,16866928
18000000,16907831
18000000,16909
18000000,16910708
18000000,16951798
18000000,16959614
18000000,16980098
18000000,16988996
18000000,160000000
18000000,160038407
18000000,160247805
18000000,160379930
18000000,160388063
18000000,160502573
18000000,160558438
18000000,160648493
18000000,160700000
18000000,160822438
18000000,160903019
18000000,160971922
18000000,161097
18000000,161510853
18000000,161626121
18000000,161800000
18000000,161838076
18000000,161921515
18000000,161941727
18000000,162605
18000000,162610473
18000000,162738726
18000000,162753837
18000000,162778384
18000000,162838373
18000000,162839667
18000000,162870525
18000000,163018913
18000000,163069
18000000,163126676
18000000,163295654
18000000,163527824
18000000,163644662
18000000,163818556
18000000,163838217
18000000,163876815
18000000,164051250
18000000,164247
18000000,164285587
18000000,164350409
18000000,164539660
18000000,164675402
18000000,164800000
18000000,165048228
18000000,165049
18000000,165103952
18000000,165149302
18000000,165173909
18000000,165334774
18000000,165552290
18000000,165600852
18000000,165889117
18000000,165890634
18000000,165900000
18500000,166000000
18500000,166307945
18500000,166617328
18500000,166842739
18500000,166893990
18500000,167117548
18900000,167297191
18975000,167780960
180000,167791704
180000,167851995
180000000,167918847
180000000,168167798
180000000,168311558
180000000,168832
180000000,168841459
180000000,169173206
180000000,169242
180000000,169296573
185000000,169400000
185000000,169511609
185000000,169590606
185000000,169740988
185000000,169955142
186000000,17000000
187500000,17005466
19000000,17006158
19000000,17023121
19000000,17033431
19000000,17033556
19000000,17061
19000000,17127
19000000,17155193
19000000,17202854
19000000,17216955
19000000,17218916
19000000,17220091
19000000,17220599
19000000,17224539
19000000,17241
19000000,17250101
19000000,17252287
19000000,17292381
19000000,17300838
19000000,17306648
19000000,17322212
19000000,17329337
19000000,17360801
19000000,17378193
19000000,17394881
19000000,17396
19000000,17403168
19000000,17430594
19000000,17433072
19000000,17462398
19100000,17475475
19200000,17489009
19400000,17492014
19500000,17499242
19700000,17503
190000,17536256
190000000,17549645
190000000,17553055
190000000,17561100
190000000,17570324
190000000,17589867
190000000,17639
195000000,17657973
195000000,17684355
195000000,17704131
2000000,17721
2000000,17760244
2000000,17768757
2000000,17804273
2000000,17807569
2000000,17830244
2000000,17856688
2000000,17865209
2000000,17896
2000000,17967746
2000000,17985000
2000000,170200225
2000000,170327930
2000000,170466405
2000000,170549753
2000000,170805525
2000000,170936470
2000000,171269535
2000000,171302226
2000000,171377916
2000000,171484051
2000000,171685793
2000000,171962
2000000,172185754
2000000,172450423
2000000,172543519
2000000,172569
2000000,172825854
2000000,172867
2000000,173044410
2000000,173046663
2000000,173066
2000000,173472
2000000,173559438
2000000,173567581
2000000,173599
2000000,173613
2000000,173613482
2000000,174102281
2000000,174131329
2000000,174201661
2000000,174255
2000000,174463257
2000000,174682
2000000,174810815
2000000,175361578
2000000,175507800
2000000,175516617
2000000,175910315
2000000,176101721
2000000,176262839
2000000,176469428
2000000,176885658
2000000,177012173
2000000,177025498
2000000,177200000
2000000,177241171
2000000,177344230
2000000,177507
2000000,177512032
2000000,177535958
2000000,177835231
2000000,177993801
2000000,178066569
2000000,178095
2000000,178100000
2000000,178200000
2000000,178287
2000000,178710620
2000000,178890782
2000000,179209685
2000000,179265204
2000000,179357126
2000000,18016290
2000000,18090181
2000000,18110152
2000000,18115927
2000000,18120267
2000000,18190831
2000000,18195238
2000000,18209872
2000000,18225165
2000000,18250106
2000000,18260865
2000000,18273009
2000000,18301418
2000000,18309793
2000000,18310591
2000000,18329653
2000000,18344729
2000000,18376443
2000000,18400000
2000000,18423914
2000000,18495444
2000000,18496522
2000000,18504539
2000000,18517322
2000000,18524496
2000000,18527766
2000000,18535575
2000000,18552460
2000000,18582965
2000000,18608570
2000000,18642318
2000000,18653615
2100000,18673274
2100000,18708848
2100000,18726300
2100000,18733666
2100000,18765585
2100000,18802255
2100000,18823
2100000,18826490
2100000,18828036
2150000,18856151
2160000,18872126
2160000,18959424
2200000,18991288
2200000,180047784
2200000,180148897
2200000,180188905
2250000,181025343
2280000,181038616
2300000,181041
2300000,181053657
2300000,181185387
2300000,181457297
2300000,181489203
2300000,181674817
2300000,181798
2300000,181982519
2361000,182156
2380000,182291969
2400000,182358
2400000,182365114
2400000,182695
2400000,182782518
2400000,183097323
2450000,183124621
2500000,183316455
2500000,183354514
2500000,184068357
2500000,184075552
2500000,184255
2500000,184705
2500000,184925485
2500000,185400000
2500000,185577
2500000,185708462
2500000,185798265
2500000,185904750
2500000,186049020
2500000,186450317
2500000,186883563
2500000,187281115
2500000,187384627
2500000,187500000
2500000,187707495
2500000,187995859
2500000,188536838
2500000,188657593
2500000,188715611
2500000,189176423
2500000,189624452
2500000,189800000
2500000,189922583
2500000,19000000
2500000,19014238
2500000,19035741
2500000,19054534
2500000,19080435
2500000,19121531
2500000,19123851
2500000,19153568
2500000,19170001
2500000,19174817
2500000,19184820
2500000,19233280
2540000,19282590
2600000,19287485
2600000,19288130
2600000,19317765
2600000,19344615
2600000,19379463
2600000,19417182
2600000,19421271
2600000,19438638
2600000,19450780
2600000,19472057
2627000,19535005
2650000,19548419
2660000,19563579
2686000,19571091
2700000,19585
2700000,19599974
2700000,19600000
2700000,19637147
2700000,19685588
2750000,19693891
2777000,19716
2800000,19739000
2800000,19756077
2800000,19800
2800000,19860259
2800000,19870567
2850000,19875
2883848,19891331
2900000,19892205
2900000,19910624
2900000,19929123
2900000,19947280
2900000,190191646
2900000,190212113
20000,190320568
20000,191091250
20000,191200000
20000000,191200000
20000000,191502246
20000000,191862
20000000,191932158
20000000,192903624
20000000,193500000
20000000,193737977
20000000,193857962
20000000,194058503
20000000,194169619
20000000,194183034
20000000,194568
20000000,194995215
20000000,195043
20000000,195111193
20000000,195254
20000000,195300000
20000000,195660942
20000000,196067
20000000,196090
20000000,196308367
20000000,196320329
20000000,196439693
20000000,196565669
20000000,196857
20000000,197232734
20000000,197242826
20000000,197593152
20000000,197618160
20000000,197687603
20000000,197692062
20000000,198006880
20000000,198750909
20000000,198883
20000000,199043309
20000000,2000000
20000000,2000000
20000000,2000000
20000000,2000000
20000000,2000000
20000000,2000000
20000000,2000093
20000000,2013052
20000000,2022442
20000000,2025032
20000000,2041928
20000000,2046090
20000000,2047570
20000000,2053330
20000000,2058662225
20000000,2062406
20000000,2066892
20000000,2077844
20000000,2080693
20000000,2082980
20000000,2102779
20000000,2104164
20000000,2104439
20000000,2105
20000000,2108367
20000000,2110050
20000000,2119994
20000000,2120439
20000000,2124005
20000000,2141436
20000000,2151887
20000000,2154540
20000000,2165637
20000000,2194020
20000000,2199
20000000,2200000
20000000,2207615668
20000000,2221994
20000000,2226603
20000000,2243
20000000,2246000
20000000,2255000
20000000,2256606
20000000,2272186
20000000,2275557
20000000,2279959
20000000,2281000
20000000,2281089
20000000,2282710
20000000,2300000
20000000,2301777
20000000,2315000
20000000,2315026
20000000,2326407
20000000,2335352
20000000,2350641
20000000,2368937
20000000,2373937
20000000,2380606
20000000,2401413
20000000,2404639
20000000,2406666
20000000,2412123
20000000,2419669
20000000,2430735
20000000,2436
20000000,2436111
20000000,2461628
20000000,2476491
20000000,2477155
20000000,2481925
20000000,2483790
20000000,2500000
20000000,2500000
20000000,2507159
20000000,2509344
20000000,2522928
20000000,2525984
20000000,2529395
20000000,2542264
20000000,2548378
20000000,2592308
20000000,2595644
20000000,2598224
20000000,2602
20000000,2613717
20000000,2620000
20000000,2627795
20000000,2636
20000000,2652515
20000000,2667084
20000000,2684207
20000000,2694071
20000000,2703762
20000000,2703821
20000000,2712293
20000000,2715657
20000000,2717302
20000000,2721096
20000000,2721534
20000000,2730877
20000000,2772511
20000000,2783918982
20000000,2791973
20000000,2793776
20000000,2794056
20000000,2797199
20000000,2814566
20000000,2821010
20000000,2828590
20000000,2832029
20000000,2840417
20000000,2844379
20000000,2859955
20000000,2862544
20000000,2883661
20000000,2891228
20000000,2898225
20000000,2899970
20000000,2900578
20000000,2922988
20000000,2923959
20000000,2938000
20000000,2940411
20000000,2954405
20000000,2956000
20000000,2962051
20000000,2975188
20000000,2976636
20000000,20000000
20000000,20005613
20000000,20008693
20000000,20034713
20000000,20035310
20000000,20036244
20000000,20052958
20000000,20056
20000000,20081987
20000000,20097
20000000,20107933
20000000,20122558
20000000,20123742
20000000,20133326
20000000,20146150
20000000,20159316
20000000,20169934
20000000,20188740
20000000,20199663
20000000,20257000
20000000,20268825
20000000,20278055
20000000,20288774
20000000,20384136
20000000,20388920
20000000,20400000
20000000,20412216
20000000,20412841
20000000,20423389
20000000,20433227
20000000,20465206
20000000,20466016
20000000,20537741
20000000,20541668
20000000,20597806
20000000,20601987
20000000,20605209
20000000,20606053
20000000,20609977
20000000,20628
20000000,20649774
20000000,20659423
20000000,20695413
20000000,20718223
20000000,20722450
20000000,20741000
20000000,20765353
20000000,20766000
20000000,20769209
20000000,20790486
20000000,20819601
20000000,20830546
20500000,20841123
20500000,20844907
20700000,20883834
200000,20898221
200000,20927794
200000,20940428
200000,20959585
200000,20966644
200000,200433
200000,200500000
200000,200700000
200000,200859554
200000,201324422
200000,201463574
200000,202000000
200000,202000000
200000,202043881
200000,202053386
200000,202173000
200000,202726605
200000,202812429
200000,202910991
200000,203018919
200000,203035572
200000,203134
200000,203178872
200000,203502372
200000,203555567
200000,203630630
200000,203877963
200000,203902107
200000,204774690
200000,205190324
200000000,205298907
200000000,205312666
200000000,205400000
200000000,205440387
200000000,205445075
200000000,205727307
200000000,206400
200000000,206455420
200000000,206512310
200000000,206598789
200000000,207068340
200000000,207154748
200000000,207283457
200000000,207500000
200000000,207765056
200000000,208094550
200000000,208163
200000000,208300000
200000000,208370892
205000000,208542162
207000000,208900376
209000000,209045522
21000000,209461378
21000000,21000
21000000,21000000
21000000,21089146
21000000,21094974
21000000,21133087
21000000,21163999
21000000,21170563
21000000,21171695
21000000,21197454
21000000,21206861
21000000,21210
21000000,21215882
21000000,21270290
21000000,21277770
21000000,21300000
21000000,21361109
21000000,21378361
21000000,21404122
21500000,21410546
21500000,21413105
21500000,21500000
21500000,21502976
21600000,21544732
21600000,21571189
210000,21577076
210000000,21596074
210000000,21621188
210000000,21657770
210000000,21722776
215000000,21750000
215000000,21758371
217000000,21778555
22000,21787233
22000000,21799652
22000000,21817298
22000000,21827296
22000000,21851362
22000000,21867665
22000000,21896367
22000000,21930418
22000000,21970000
22000000,21970831
22000000,21973182
22000000,210253368
22000000,210300000
22000000,210904
22000000,211562435
22000000,211700000
22000000,211739043
22000000,211856088
22000000,212026975
22000000,212200000
22000000,212282709
22000000,212400000
22000000,212417601
22000000,212453431
22000000,212912137
22000000,212928762
22000000,212956024
22000000,212989
22000000,213120004
22000000,213137
22000000,213420951
22000000,213463976
22000000,213500000
22000000,213514672
22000000,214357371
22000000,214392904
22000000,214949716
22000000,214974953
22000000,215080810
22000000,215300000
22000000,215448997
22000000,215559
22000000,215862692
22000000,216600000
22000000,217022588
22000000,217196811
22000000,217370736
22000000,217569328
22500000,217670152
22500000,217986320
22500000,218535708
22700000,218613188
220000000,218673959
225000,218853353
225000,219265952
225000000,219535492
225000000,219572877
225000000,22000000
225000000,22018988
23000,22032635
23000000,22099706
23000000,22108977
23000000,22119269
23000000,22139590
23000000,22165608
23000000,22168359
23000000,22178125
23000000,22198996
23000000,22217183
23000000,22233808
23000000,22273
23000000,22331846
23000000,22365133
23000000,22391450
23000000,22411948
23000000,22433915
23000000,22434
23000000,22441
23000000,22468620
23000000,22549338
23000000,22591451
23000000,22594052
23000000,22597969
23000000,22623
23000000,22673340
23000000,22723
23000000,22730924
23000000,22744132
23000000,22750356
23000000,22754472
23000000,22815460
23600000,22852487
230000,22860477
230000000,22861785
230000000,22879194
232000000,22885836
24000000,22910563
24000000,22913677
24000000,22921898
24000000,22937201
24000000,22969202
24000000,22978953
24000000,220175
24000000,220236410
24000000,220241723
24000000,220648184
24000000,220944
24000000,221096
24000000,221148959
24000000,221229335
24000000,221468935
24000000,221594911
24000000,221662676
24000000,222383055
24000000,223050874
24000000,223564608
24000000,223636949
24000000,223652
24000000,223878
24000000,224117573
24000000,224614744
24000000,224922135
24000000,225000000
24000000,225933435
24000000,225986078
24000000,225990976
24000000,226739416
24200000,226792
240000,226941585
245000,227140757
25000,227200000
25000,227241
25000,227773686
25000,227793915
25000,228641283
25000,229034050
25000,229155503
25000000,229250
25000000,229311
25000000,229518131
25000000,229545589
25000000,229653
25000000,229727774
25000000,23010607
25000000,23014021
25000000,23014027
25000000,23046142
25000000,23047939
25000000,23095325
25000000,23134075
25000000,23152062
25000000,23187506
25000000,23190697
25000000,23265132
25000000,23266821
25000000,23271741
25000000,23283672
25000000,23311425
25000000,23344056
25000000,23347469
25000000,23353111
25000000,23360779
25000000,23367586
25000000,23380203
25000000,23393939
25000000,23471871
25000000,23506237
25000000,23565072
25000000,23591043
25000000,23591783
25000000,23600000
25000000,23616
25000000,23661038
25000000,23676771
25000000,23689877
25000000,23693646
25000000,23734486
25000000,23800000
25000000,23889158
25000000,23894000
25000000,23910210
25000000,23911362
25000000,23998226
25000000,231450102
25000000,231711151
25000000,231928227
25000000,232017848
25000000,232643008
25000000,233066978
25000000,233125712
25000000,233700000
25000000,234400000
25000000,234723148
25000000,234981342
25000000,235900000
25000000,235907054
25000000,236410607
25000000,236412453
25000000,236500000
25000000,236799211
25000000,236806
25000000,236827677
25000000,236863
25000000,237685089
25000000,237814327
25000000,237816
25000000,238059569
25000000,238202668
25000000,238317814
25000000,238552082
25000000,238757137
25000000,238940997
25000000,239373970
25000000,239500000
25000000,239606210
25000000,239814025
25000000,239962
25000000,24021282
25000000,24041617
25000000,24103594
25000000,24150550
25000000,24159934
25000000,24172899
25000000,24215385
25000000,24355762
25000000,24391108
25000000,24405825
25000000,24419219
25000000,24426169
25000000,24464742
25000000,24474312
25000000,24474463
25000000,24489150
25000000,24515990
25000000,24591031
25000000,24600000
25000000,24600832
25000000,24660323
25000000,24687524
25000000,24716190
25000000,24719879
25000000,24761360
25000000,24906717
25000000,24911670
25000000,24915969
25000000,24935799
25000000,24956
25000000,240396
25000000,240495
25000000,240497948
25000000,241200000
25000000,241719
25000000,242443
25000000,242623
25000000,242895809
25000000,242981799
25000000,243180937
25000000,243388614
25000000,243768
25000000,244088654
25000000,244126300
25000000,244465
25000000,245229234
25000000,245300000
25000000,245504574
25000000,245623848
25000000,245768384
25000000,245800000
25000000,246100000
25000000,246400000
25000000,247023808
25000000,247474497
25000000,247740
25000000,247812011
25000000,247950247
25000000,248099143
25000000,248218486
25000000,248300000
25000000,249488115
25000000,249520430
25000000,25000000
25000000,25000000
25000000,25000000
25000000,25011000
25000000,25032000
25000000,25044057
25000000,25052000
25000000,25059640
25000000,25077411
25000000,25078937
25000000,25114901
25000000,25116103
25000000,25187026
25000000,25199891
25100000,25244700
25500000,25268680
25530000,25269040
250000,25307405
250000,25344490
250000,25357771
250000,25358996
250000,25361206
250000,25397460
250000,25426861
250000,25448707
250000,25480031
250000,25504513
250000,25514848
250000,25532388
250000,25533818
250000,25572
250000,25608779
250000,25621449
250000,25670174
250000,25697647
250000,25727044
250000,25732334
250000,25732986
250000,25842377
250000,25852508
250000,25861249
250000,25863405
250000,25863458
250000,25873142
250000,25873145
250000,25878153
250000,25899797
250000,25913869
250000,25928721
250000,25935
250000,25941437
250000,25943792
250000,250200000
250000,250474038
250000000,250649836
250000000,250700000
250000000,250800000
250000000,251359904
250000000,251499665
250000000,252091016
250000000,252276928
250000000,252726
250000000,253555383
258000000,254293
26000000,255000
26000000,255000000
26000000,256585882
26000000,256873813
26000000,257641634
26000000,257805243
26000000,257878294
26000000,257938649
26000000,257972745
26000000,258210860
26000000,258751370
26000000,259541430
26000000,259736090
26000000,26
26000000,26004026
26000000,26007
26000000,26010864
26000000,26063572
26000000,26097497
26000000,26121638
26000000,26146072
26000000,26170402
26000000,26184400
26000000,26199377
26000000,26199517
26000000,26214846
26000000,26323969
26000000,26341896
26000000,26348203
26000000,26387039
26000000,26400000
26000000,26517819
26000000,26533200
26000000,26570048
26000000,26572439
26000000,26593580
26000000,26608
26700000,26613620
260000000,26670920
27000,26673242
27000,26703184
27000,26708196
27000000,26716191
27000000,26735797
27000000,26736665
27000000,26792700
27000000,26822
27000000,26853810
27000000,26857459
27000000,26918576
27000000,26936265
27000000,26939925
27000000,260002115
27000000,260700012
27000000,261364
27000000,261400000
27000000,261443242
27000000,262758310
27000000,262794441
27000000,263417913
27000000,263591415
27000000,263880341
27000000,263894551
27000000,263900000
27000000,264118201
27000000,264246220
27000000,266685242
27000000,266824291
27000000,266967
27000000,267194
27500000,267200000
27500000,267816276
27500000,267972
27500000,267985456
27500000,268000000
27500000,268268174
27500000,268314513
27500000,268500000
27500000,269065678
270000,269806430
275000000,27000381
275000000,27025600
275000000,27053815
28000000,27066941
28000000,27092880
28000000,27100030
28000000,27107960
28000000,27147349
28000000,27147991
28000000,27148898
28000000,27151490
28000000,27187653
28000000,27238354
28000000,27257061
28000000,27281507
28000000,27317872
28000000,27342246
28000000,27366288
28000000,27392196
28000000,27392609
28000000,27447471
28000000,27450453
28000000,27469621
28000000,27491653
28000000,27501814
28000000,27561
28000000,27572844
28000000,27610873
28000000,27682712
28000000,27688744
28000000,27704111
28000000,27709625
28000000,27731527
28000000,27732366
28000000,27786849
28000000,27788649
28000000,27794339
28000000,27836366
28000000,27882226
28000000,27911453
28000000,27936778
28000000,27958191
28000000,27979399
28000000,270340892
28000000,270944428
28000000,270997378
28000000,271736
28000000,272223430
28000000,273271982
28000000,273330185
28500000,273346281
28700000,273814019
29000000,274000000
29000000,274299
29000000,274392649
29000000,274392880
29000000,274543085
29000000,274949886
29000000,275726716
29000000,276014965
29000000,276294164
29000000,276665036
29000000,276841585
29000000,277200000
29000000,277233
29000000,277442381
29000000,277943
29200000,278731369
290000,279500000
3000000,28012862
3000000,28058652
3000000,28142379
3000000,28200000
3000000,28208085
3000000,28231444
3000000,28270399
3000000,28307092
3000000,28315272
3000000,28316211
3000000,28350000
3000000,28356188
3000000,28383441
3000000,28391473
3000000,28400715
3000000,28452945
3000000,28468
3000000,28544120
3000000,28575778
3000000,28649556
3000000,28674417
3000000,28703083
3000000,28721408
3000000,28734552
3000000,28762690
3000000,28773637
3000000,28773827
3000000,28864
3000000,28871190
3000000,28876702
3000000,28906817
3000000,28915761
3000000,28920188
3000000,28972187
3000000,280355920
3000000,281447
3000000,281527158
3000000,282300000
3000000,282687
3000000,282778100
3000000,283200000
3000000,283218368
3000000,284174
3000000,285400000
3000000,285593
3000000,286192091
3000000,286214286
3000000,286500000
3000000,286896578
3000000,287000
3000000,287130801
3000000,287594577
3000000,287916633
3000000,288215319
3000000,288587450
3000000,288693989
3000000,288751
3000000,288757
3000000,289527030
3000000,289660619
3000000,29005064
3000000,29027914
3000000,29050
3000000,29090445
3000000,29145924
3000000,29197694
3000000,29200000
3000000,29203383
3000000,29206732
3000000,29227561
3000000,29233
3000000,29276904
3000000,29317886
3000000,29356757
3000000,29367143
3000000,29384
3000000,29393634
3000000,29400000
3000000,29406132
3000000,29500000
3000000,29544532
3000000,29548291
3000000,29549145
3000000,29652736
3000000,29725663
3000000,29781453
3000000,29823162
3000000,29827
3000000,29830239
3000000,29843245
3000000,29863840
3000000,29870801
3000000,29882645
3000000,29890402
3000000,29934477
3000000,29937909
3000000,29948322
3000000,290650494
3000000,290701374
3000000,290875
3000000,292738626
3000000,292817841
3000000,294156605
3000000,294680778
3100000,295212467
3100000,295279072
3180000,295492
3200000,295493
3200000,295750
3200000,295874190
3200000,296339717
3200000,296642834
3200000,298815224
3250000,298923419
3250000,299461782
3250000,299477886
3250000,3000000
3300000,3000000
3300000,3000000
3300000,3027956
3300000,3048209
3300000,3050934
3300000,3058380
3380000,3061763
3400000,3076820
3400000,3090593
3400000,3099369
3400000,3100000
3400000,3127472
3400000,3129471
3400000,3134509
3440000,3147950
3450000,3149
3500000,3168858
3500000,3177636
3500000,3180252
3500000,3202000
3500000,3220
3500000,3231251
3500000,3234
3500000,3237452
3500000,3252550
3500000,3256
3500000,3260179
3500000,3260555
3500000,3264
3500000,3270128
3500000,3270974
3500000,3273588
3500000,3275585
3500000,3281898
3500000,3292333
3500000,3293258
3500000,3301
3500000,3324070
3500000,3324184
3500000,3330
3500000,3330012
3500000,3336053
3500000,3347647
3500000,3355048
3500000,3357324
3500000,3396508
3500000,3434330
3500000,3436763
3500000,3438735
3500000,3438804
3500000,3440939
3500000,3442853
3500000,3454036
3600000,3456602
3700000,3465703
3700000,3468572
3700000,3471
3716946,3479302
3750000,3484523
3750000,3485383
3750000,3496
3768785,3500000
3800000,3500000
3800000,3500000
3800000,3505823
3800000,3522153
3900000,3541565
3900000,3547
3900000,3553253
30000,3559803
30000,3565109
30000,3571253
30000,3575308
30000,3582797
30000000,3588602
30000000,3605420
30000000,3617277
30000000,3620902
30000000,3623609
30000000,3632
30000000,3648
30000000,3660880
30000000,3700
30000000,3700000
30000000,3705923
30000000,3707583
30000000,3709
30000000,3721988
30000000,3727746
30000000,3731489
30000000,3747270
30000000,3787689
30000000,3807503
30000000,3809226
30000000,3816594
30000000,3824868
30000000,3838486
30000000,3858964
30000000,3871448
30000000,3894240
30000000,3895664
30000000,3902679
30000000,3922043
30000000,3931367
30000000,30000000
30000000,30022000
30000000,30050028
30000000,30051905
30000000,30063805
30000000,30118557
30000000,30138912
30000000,30143795
30000000,30163785
30000000,30199105
30000000,30241435
30000000,30261293
30000000,30298347
30000000,30307804
30000000,30312
30000000,30331165
30000000,30332385
30000000,30351664
30000000,30360570
30000000,30396134
30000000,30399714
30000000,30438635
30000000,30443277
30000000,30491379
30000000,30500000
30000000,30576502
30000000,30593313
30000000,30601801
30000000,30626690
30000000,30628981
30000000,30629507
30000000,30703845
30000000,30719170
30000000,30808558
30000000,30857000
30000000,30864649
30000000,30885781
30000000,30894247
30000000,30905
30000000,30955
30000000,30962112
30000000,30987695
30000000,300150546
30000000,300200000
30000000,300400000
30000000,300854823
30000000,302204
30000000,302211243
30000000,302469017
30000000,302710615
30000000,303500000
30000000,304249198
30000000,304472
30000000,304599899
30000000,304602
30000000,305070
30000000,305218228
30000000,305270083
30000000,305705794
30000000,306715
30000000,306771047
30000000,306900902
30000000,307166834
30000000,307325633
30000000,307353906
30000000,308700000
30000000,308793
30000000,31013349
30000000,31063038
30000000,31070412
30000000,31077418
30000000,31149251
30000000,31157914
30000000,31164747
30000000,31222395
30000000,31286759
30000000,31320293
30000000,31333917
30000000,31341183
30000000,31390587
30000000,31393201
30000000,31425
30000000,31517561
30000000,31556959
30000000,31559560
30000000,31631
30000000,31635150
30000000,31670620
30000000,31672000
30000000,31678778
30000000,31681811
30000000,31716953
30000000,31770413
30000000,31835600
30000000,31878891
30000000,31899000
30000000,31916
30000000,31943401
30000000,310043823
30000000,310138178
30000000,310332636
30000000,310650574
30000000,310697192
30000000,310891
30000000,310940997
30000000,310946
30000000,311270008
30000000,311594032
30000000,311744465
30000000,311979256
30000000,313230
30000000,313436
30000000,314073
30000000,314111923
30000000,314444
30000000,314594597
30000000,314709717
30000000,315000
30000000,315268353
30000000,315709697
30000000,316300000
30000000,316915264
30000000,317668058
30000000,318000141
30000000,318146162
30000000,318623
30000000,319090241
30000000,319700000
30000000,319713881
30250000,32014993
300000,32030610
300000,32033
300000,32051917
300000,32059295
300000,32092
300000,32092761
300000,32100816
300000,32209741
300000,32222567
300000,32223424
300000,32248241
300000,32327255
300000,32382381
300000,32430721
300000,32531759
300000,32544
300000,32572
300000,32575443
300000,32618920
300000,32632668
300000,32653000
300000,32662299
300000,32679264
300000,32700439
300000,32738814
300000,32838945
300000000,32927
300000000,32943247
306000000,32952995
31000000,32955399
31000000,32961
31000000,32968648
31000000,32980880
31000000,32983332
31000000,320100000
31000000,321365567
31000000,321887208
31000000,321952
31000000,322241588
31500000,324218
31500000,325491
312000,325500000
32000000,326073155
32000000,327656424
32000000,328015209
32000000,328125643
32000000,328203506
32000000,328675540
32000000,328711434
32000000,329621
32000000,329809326
32000000,33000000
32000000,33000377
32000000,33013805
32000000,33035736
32000000,33069303
32000000,33076815
32000000,33118854
32000000,33139618
32000000,33175076
32000000,33200000
32000000,33208099
32000000,33300000
32000000,33312
32000000,33339868
32000000,33349941
32000000,33395426
32000000,33395426
32000000,33422485
32000000,33422806
32000000,33436931
32500000,33447612
32500000,33462011
32500000,33463969
32500000,33473297
32500000,33474334
323000,33500620
325000,33508485
325000,33512260
33000000,33526835
33000000,33598
33000000,33606409
33000000,33649881
33000000,33713827
33000000,33754967
33000000,33762400
33000000,33771965
33000000,33886017
33000000,33907844
33000000,33913542
33000000,33943049
33000000,33954018
33000000,33956608
33500000,330717080
34000000,330780051
34000000,331000
34000000,331266710
34000000,331323410
34000000,331333876
34000000,331775766
34000000,332000000
34000000,332120
34000000,333080271
34800000,334100000
340000,334342692
35000,336069511
35000,336398312
35000,336529144
35000000,337700000
35000000,339504276
35000000,34004262
35000000,34009180
35000000,34044909
35000000,34105207
35000000,34114067
35000000,34145
35000000,34166572
35000000,34175000
35000000,34240572
35000000,34246770
35000000,34247816
35000000,34301950
35000000,34352162
35000000,34364995
35000000,34409206
35000000,34416893
35000000,34449356
35000000,34454631
35000000,34480045
35000000,34499204
35000000,34505110
35000000,34533783
35000000,34557416
35000000,34562222
35000000,34572780
35000000,34600000
35000000,34645374
35000000,34668249
35000000,34700000
35000000,34718173
35000000,34729091
35000000,34787111
35000000,34806726
35000000,34820335
35000000,34872033
35000000,34873513
35000000,34916128
35000000,340384141
35000000,340930
35000000,342416460
35000000,342722
35000000,342769200
35000000,343397247
35000000,344780046
35000000,345114933
35000000,345141403
35000000,346106
35000000,347100000
35000000,347425832
35000000,348319861
35000000,348547523
35000000,348629585
35000000,349088523
35000000,349143061
35000000,349464664
35000000,349618
35000000,35007180
35000000,35017
35000000,35073978
35000000,35106706
35000000,35122948
35000000,35129610
35000000,35185884
35000000,35195939
35000000,35312
35000000,35319689
35000000,35341814
35000000,35409686
35000000,35417162
35000000,35426759
35000000,35450113
35000000,35472739
35000000,35579007
35000000,35579177
35000000,35627222
35000000,35681080
35000000,35688
35000000,35792945
35000000,35795319
35000000,35830713
35000000,35841901
35000000,35856053
35000000,35869934
35000000,35891257
35000000,35919
35000000,35990505
35000000,350100280
35000000,350976753
35000000,351040419
35000000,351500000
35000000,351620129
35000000,351774938
35000000,352829528
35000000,352831065
35000000,353480
35000000,353715317
35000000,353743
35000000,354704
35000000,354836
35000000,355408305
35000000,355612291
35000000,355919
35000000,356148063
35000000,356258047
35000000,356429941
35000000,356546621
35000000,356800601
35000000,357687
35000000,358500000
35000000,358824714
35000000,358994850
35000000,359142722
35000000,36000000
35000000,36000000
35000000,36000000
35000000,36028802
35000000,36040895
35000000,36049108
35000000,36054706
35000000,36068890
35000000,36133014
35000000,36145695
35200000,36146087
350000,36197221
350000,36230219
350000,36238752
350000,36262783
350000,36265745
350000,36275469
350000,36299670
350000,36374700
36000000,36404841
36000000,36497
36000000,36521223
36000000,36535837
36000000,36630
36000000,36665191
36000000,36682170
36000000,36690067
36000000,36720752
36000000,36722311
36000000,36741667
36000000,36751979
36000000,36751984
36000000,36787044
36000000,36833473
36000000,36850101
36000000,36856306
36500000,36882378
37000000,360099999
37000000,361730660
37000000,362000072
37000000,362211740
37000000,362605033
37000000,362989076
37000000,363064265
37000000,363095319
37000000,363728226
37000000,364545516
37000000,364607
37000000,365300000
37000000,365491792
37500000,365900000
37500000,366101666
37500000,366784257
375000,367262558
375000,367582
379000,367650911
38000000,368567189
38000000,37048526
38000000,37066129
38000000,37226218
38000000,37227
38000000,37306334
38000000,37339594
38000000,37400000
38000000,37402877
38000000,37466538
38000000,37472651
38000000,37493221
38000000,37537675
38000000,37584304
38000000,37600000
38000000,37659652
38000000,37672944
38000000,37750754
38000000,37799643
38000000,37831658
38000000,37865
38000000,37923818
38000000,37956589
38000000,370541256
38000000,370569776
38000000,370742166
38000000,371647
38000000,371917043
38000000,372239
38600000,373375
385907,373615
39000000,373993951
39000000,374085065
39000000,374105123
39000000,374825760
39000000,374890034
39000000,375474
39000000,375740705
4000000,376000000
4000000,376856949
4000000,377807404
4000000,378505812
4000000,379161
4000000,38017873
4000000,38028230
4000000,38067218
4000000,38087756
4000000,38112154
4000000,38119483
4000000,38122000
4000000,38158601
4000000,38159905
4000000,38164784
4000000,38172500
4000000,38236338
4000000,38251425
4000000,38253433
4000000,38283765
4000000,38329114
4000000,38351350
4000000,38364855
4000000,38389024
4000000,38462071
4000000,38512850
4000000,38564422
4000000,38574362
4000000,38585047
4000000,38590458
4000000,38684906
4000000,38718031
4000000,38747385
4000000,38749404
4000000,38771262
4000000,38788828
4000000,38899792
4000000,38959900
4000000,38976797
4000000,38992292
4000000,381420
4000000,381687380
4000000,382288147
4000000,382946
4000000,384244
4000000,384519665
4000000,385000317
4000000,385524862
4000000,385680446
4000000,386069390
4000000,386096060
4000000,386116343
4000000,387513770
4000000,387644286
4000000,388390
4000000,389925971
4000000,39006188
4000000,39012241
4000000,39017984
4000000,39100956
4000000,39126427
4000000,39134983
4000000,39217912
4000000,39233233
4000000,39235486
4000000,39238443
4000000,39241323
4000000,39251128
4000000,39319801
4000000,39340177
4000000,39360491
4000000,39374600
4000000,39380876
4000000,39393111
4000000,39475
4000000,39498360
4000000,39499349
4000000,39549758
4000000,39686345
4000000,39686769
4000000,39723096
4000000,39753957
4000000,39778599
4000000,39846344
4000000,39852
4000000,39984023
4000000,390500000
4030000,390525192
4200000,391942
4200000,391976723
4200000,397501348
4200000,397644453
4200000,399793
4200000,399908
4300000,4000000
4300000,4000000
4300000,4000000
4300000,4000000
4357373,4002884
4400000,4020990
4400000,4023741
4400000,4049527
4400000,4064333
4500000,4065020
4500000,4100000
4500000,4109095
4500000,4124277
4500000,4127619
4500000,4128828
4500000,4134
4500000,4142507
4500000,4151836
4500000,4199334
4500000,4199874
4500000,4221341
4500000,4230426
4500000,4234355
4500000,4239767
4500000,4243996
4500000,4254
4500000,4273372
4500000,4288246
4500000,4294373
4500000,4300000
4500000,4301000
4500000,4313644
4500000,4316497
4500000,4327
4500000,4333569
4500000,4356126
4500000,4357406
4500000,4358000
4500000,4360548
4500000,4372561
4500000,4383538
4600000,4398989
4600000,4408420
4600000,4408636
4600000,4414753
4600000,4417983
4600000,4420000
4638783,4422318
4700000,4453327
4700000,4454853
4700000,4485485
4700000,4494560
4700000,4496583
4750000,4504111
4750000,4547660
4800000,4556982
4800000,4559569
4833610,4568257
4900000,4570178
4900000,4581937
4900000,4584
4900000,4600000
4900000,4606284
40000,4613482
40000,4630045
40000,4651977
40000000,4655
40000000,4659110
40000000,4668109
40000000,4673377
40000000,4678513
40000000,4690802
40000000,4700000
40000000,4708127
40000000,4713059
40000000,4714090
40000000,4720371
40000000,4727375
40000000,4728896
40000000,4731944
40000000,4741987
40000000,4750000
40000000,4754517
40000000,4777465
40000000,4814244
40000000,4815890
40000000,4816142
40000000,4854356
40000000,4857731
40000000,4865000
40000000,4880941
40000000,4892
40000000,4911725
40000000,4917
40000000,4922166
40000000,4930
40000000,4934104
40000000,4934356
40000000,4956401
40000000,4967493
40000000,4972016
40000000,4984663
40000000,40016662
40000000,40020622
40000000,40055439
40000000,40103262
40000000,40119848
40000000,40123346
40000000,40127259
40000000,40147042
40000000,40157856
40000000,40262
40000000,40283321
40000000,40287017
40000000,40311842
40000000,40319440
40000000,40363530
40000000,40435694
40000000,40454520
40000000,40485039
40000000,40520649
40000000,40527719
40000000,40686409
40000000,40796145
40000000,40862054
40000000,40966716
40000000,400062763
40000000,400214478
40000000,401
40000000,401021746
40000000,402231063
40000000,402280159
40000000,402448265
40000000,403841637
40000000,404561724
40000000,405760225
40000000,406299
40000000,407100
40000000,407488
40000000,407711549
40000000,408159
40000000,408269295
40000000,41004412
40000000,41015970
40000000,41042583
40000000,41059418
40000000,41076865
40000000,41148679
40000000,41158757
40000000,41267469
40000000,41268579
40000000,41294674
40000000,41296320
40000000,41300105
40000000,41334735
40000000,41342180
40000000,41348628
40000000,41382841
40000000,41410568
40000000,41457834
40000000,41467606
40000000,41476097
40000000,41495213
40000000,41560117
40000000,41636243
40000000,41642166
40000000,41666476
40000000,41699612
40000000,41744718
40000000,41753881
40000000,41771168
40000000,41798224
40000000,41824066
40000000,41833347
40000000,41914
40000000,41921590
40000000,41924774
40000000,41975388
40000000,41982227
40000000,410900000
40000000,411002906
40000000,411348924
40000000,411874
40000000,412800000
40000000,413733
40000000,413802
40000000,414404
40000000,414617
40000000,414736
40000000,415247258
40000000,416197059
40000000,416385488
40000000,416456852
40000000,417341288
40000000,418186950
40000000,418953
40000000,419428
40000000,42000000
40000000,42002029
40000000,42064105
40000000,42067430
40000000,42137871
40000000,42141196
40000000,42167286
40000000,42174545
40000000,42195766
40000000,42226657
40000000,42273609
40000000,42355526
40000000,42376425
40000000,42411721
40000000,42488161
40000000,42503
40000000,42557
40000000,42598498
40000000,42642077
40000000,42735
40000000,42776032
40000000,42799060
40000000,42844516
40000000,421021
40000000,423
40000000,424149
40000000,424200000
40000000,427230516
40000000,427300260
400000,428535
400000,428923
400000,429448
400000,43000000
400000,43044087
400000,43057552
400000,43111725
400000,43281552
400000,43308707
400000,43326383
400000,43343247
400000,43353117
400000,43402515
400000,43440721
400000,43492389
400000,43528634
41000000,43530281
41000000,43545364
41000000,43603990
41000000,43607627
42000,43632609
42000,43658157
42000000,43700000
42000000,43728560
42000000,43766463
42000000,43797731
42000000,43848100
42000000,43924923
42000000,43928932
42000000,43948865
42000000,43957541
42000000,43980363
42000000,43988888
42000000,430821168
42000000,431942139
42000000,432645872
42000000,433058296
42000000,433125655
42000000,433574208
42000000,433588
42000000,435040395
42000000,435168
42000000,439651
42000000,44083403
42000000,44103982
42000000,44115496
42000000,44195779
42000000,44196684
42500000,44200000
420000,44267641
425000,44270131
425000000,44342956
43000000,44383030
43000000,44391156
43000000,44400000
43000000,44411527
43000000,44451470
43000000,44452
430000,44462
439000,44513466
44000000,44566
44000000,44567606
44000000,44650003
44000000,44701
44000000,44726644
44000000,44785053
44000000,44793168
44500000,44793222
45000,44821299
45000000,44942821
45000000,44948240
45000000,440160956
45000000,440821
45000000,441286003
45000000,441767803
45000000,442161562
45000000,442169052
45000000,442550
45000000,442638
45000000,443483213
45000000,446438
45000000,448191819
45000000,449239855
45000000,449326618
45000000,449948323
45000000,45000000
45000000,45005151
45000000,45043870
45000000,45095823
45000000,45121177
45000000,45160110
45000000,45273464
45000000,45284974
45000000,45312217
45000000,45336404
45000000,45431
45000000,45557491
45000000,45680201
45000000,45688337
45000000,45707924
45000000,45779
45000000,45785720
45000000,45892212
45000000,45916769
45000000,45921140
45000000,450
45000000,450349
45000000,450594
45000000,450728529
45000000,451329842
45000000,454161935
45000000,454255
45000000,456810575
45000000,456814
45000000,457507776
45000000,457683805
45000000,457697994
45000000,457729388
45000000,458054
45000000,458232
45000000,459359555
45000000,46060915
45000000,46112640
45000000,46122713
45000000,46164361
45000000,46176322
45000000,46189568
45000000,46225326
45000000,46263525
45000000,46309644
45000000,46370970
45000000,46488
45000000,46526243
45000000,46598133
45000000,46604054
45000000,46634275
45000000,46666955
45000000,46730578
45000000,46752858
45000000,46777347
45000000,46790428
450000,46815807
450000,461651246
450000,462206
450000,463039
450000,463517383
450000,463730
450000,465764086
450000,466106
450000,467381584
450000,469590832
46000000,47011449
46000000,47085064
46000000,47158652
46000000,47175038
46000000,47213095
46000000,47267829
46000000,47289758
46500000,47300771
47000000,47313824
47000000,47329
47000000,47371191
47000000,47407635
47000000,47417251
47000000,47469
47000000,47508505
47000000,47666013
47000000,47707417
47500000,47721314
47500000,47751015
475000,47782426
48000000,47787943
48000000,47818913
48000000,47881663
48000000,47902566
48000000,47923795
48000000,470700000
48000000,470751398
48000000,473769
48000000,474171806
48000000,475000
48000000,475367
48000000,475825484
48000000,476684675
48000000,478595
48000000,48048527
48000000,48056764
49000000,48164150
49000000,48169156
49000000,48169910
49000000,48197252
5000,48330757
5000,48425971
5000000,48446802
5000000,48478084
5000000,48530887
5000000,48531242
5000000,48543388
5000000,48559999
5000000,48563556
5000000,48570885
5000000,48585416
5000000,48680977
5000000,48856
5000000,48958353
5000000,48977233
5000000,481525
5000000,482860185
5000000,484161265
5000000,484468608
5000000,484873045
5000000,485004754
5000000,485035085
5000000,486124090
5000000,487519809
5000000,49037621
5000000,49105766
5000000,49155371
5000000,49196532
5000000,49238525
5000000,49369899
5000000,49473093
5000000,49486874
5000000,49526
5000000,49610898
5000000,49628177
5000000,49686263
5000000,49730854
5000000,49733545
5000000,49793054
5000000,49800000
5000000,49823037
5000000,49851591
5000000,49858465
5000000,49894223
5000000,49924079
5000000,49928680
5000000,490359051
5000000,490875846
5000000,491812794
5000000,492108
5000000,492557218
5000000,493214888
5000000,493738435
5000000,493905
5000000,494870991
5000000,495700000
5000000,496511521
5000000,497195
5000000,498438212
5000000,5000
5000000,5000000
5000000,5000000
5000000,5000000
5000000,5000000
5000000,5002310
5000000,5017971
5000000,5028948
5000000,5034794
5000000,5045359
5000000,5046038
5000000,5046118
5000000,5073
5000000,5100863
5000000,5142858
5000000,5149131
5000000,5175088
5000000,5204007
5000000,5217498
5000000,5228617
5000000,5241315
5000000,5256839
5000000,5269990
5000000,5273000
5000000,5278519
5000000,5278632
5000000,5295909
5000000,5297411
5000000,5313608
5000000,5314194
5000000,5321508
5000000,5345869
5000000,5348767
5000000,5361
5000000,5363000
5000000,5377665
5000000,5382
5000000,5391992
5000000,5394447
5000000,5400000
5000000,5400624
5000000,5409517
5000000,5422740
5000000,5428387
5000000,5430822
5000000,5437126
5000000,5438120
5000000,5438911
5000000,5473041
5000000,5476060
5000000,5476793
5000000,5494
5000000,5502773
5000000,5516708
5000000,5520368
5000000,5531455
5000000,5531756
5000000,5549923
5000000,5564014
5000000,5617067
5000000,5617460
5000000,5639730
5000000,5653176
5000000,5654777
5000000,5656388
5000000,5675599
5000000,5683371
5000000,5686694
5000000,5691854
5000000,5694213
5000000,5694308
5000000,5706638
5000000,5714913
5000000,5719000
5000000,5732587
5000000,5746453
5000000,5778353
5000000,5782198
5000000,5797192
5000000,5806666
5000000,5823540
5100000,5825314
5200000,5828466
5200000,5835247
5200000,5858
5250000,5871603
5250000,5892466
5250000,5918742
5250000,5922292
5300000,5923044
5300000,5950002
5400000,5953886
5400000,5966671
5500000,50000000
5500000,50000000
5500000,50003303
5500000,50054511
5500000,50068310
5500000,50071069
5500000,50100000
5500000,50103808
5500000,50145607
5500000,50159144
5500000,50168294
5500000,50187789
5500000,50315140
5500000,50334418
5500000,50363790
5500000,50365498
5500000,50409753
5500000,50445860
5500000,50458356
5500000,50517763
5600000,50578411
5600000,50632037
5600000,50648806
5600000,50692188
5600000,50719373
5600000,50738810
5700000,50752337
5700000,50800000
5700000,50811858
5700000,50813834
5800000,50827466
5800000,50948811
5800000,50970660
5800000,500296
5800000,501289
5900000,504050219
5900000,507446
5952000,509193
50000,509424
50000,51041856
50000,51078541
50000,51204567
50000,51327406
50000,51445503
50000,51540
50000,51587
50000,51618420
50000,51695362
50000000,51702929
50000000,51733921
50000000,51867723
50000000,51957
50000000,51973029
50000000,510957
50000000,511358276
50000000,513815401
50000000,516567575
50000000,517262
50000000,517600000
50000000,518602163
50000000,518614384
50000000,52037603
50000000,52189039
50000000,52223306
50000000,52287414
50000000,52293000
50000000,52302978
50000000,52339566
50000000,52427346
50000000,52429
50000000,52443
50000000,52461017
50000000,52501541
50000000,52543354
50000000,52545707
50000000,52573132
50000000,52649951
50000000,52769915
50000000,52819253
50000000,52880016
50000000,52929168
50000000,52987754
50000000,524747
50000000,527
50000000,527071022
50000000,528731
50000000,529076069
50000000,529766
50000000,53048539
50000000,53068955
50000000,53086
50000000,53139168
50000000,53182088
50000000,53191101
50000000,53201
50000000,53208180
50000000,53293628
50000000,53345287
50000000,53424681
50000000,53425292
50000000,53508858
50000000,53572822
50000000,53774833
50000000,53850527
50000000,53864342
50000000,53913573
50000000,53976987
50000000,53977250
50000000,531514650
50000000,531806
50000000,532590994
50000000,532950503
50000000,534171960
50000000,534551353
50000000,535663443
50000000,539961
50000000,54045832
50000000,54052249
50000000,54104225
50000000,54207112
50000000,54215416
50000000,54243125
50000000,54294169
50000000,54323210
50000000,54344321
50000000,54393637
50000000,54404202
50000000,54533774
50000000,54540662
50000000,54612337
50000000,54616869
50000000,54768418
50000000,54837234
50000000,54855235
50000000,54994757
50000000,542742489
50000000,542909
50000000,543306
50000000,543495033
50000000,547326372
50000000,549185
50000000,549588516
50000000,549632
50000000,55000
50000000,55000000
50000000,55041738
50000000,55090374
50000000,55193251
50000000,55247881
50000000,55249159
50000000,55279608
50000000,55307857
50000000,55348693
50000000,55443032
50000000,55489826
50000000,55495466
50000000,55518641
50000000,55534455
50000000,55576699
50000000,55617866
50000000,55669466
50000000,55686944
50000000,55696705
50000000,55762229
50000000,55800987
50000000,55842724
50000000,55909910
50200000,55934178
500000,55975672
500000,550517357
500000,552198479
500000,552614
500000,552641
500000,554600000
500000,554606532
500000,554987477
500000,555335
500000,556016627
500000,556319450
500000,556559566
500000,557545
500000,559757719
500000,56042592
500000,56073
500000,56077088
500000,56131239
500000,56178935
500000,56200634
500000,56331864
500000,56398162
500000,56409722
500000,56434942
500000,56438555
500000,56445534
500000,56491
500000,56505065
500000,56506120
500000,56586901
500000,56598476
500000,56643267
500000,56653
500000,56709981
500000,56758138
500000,56822960
500000,56968169
500000,560155383
500000,561137727
500000,563711
500000,563749323
500000,564474
500000,565801
500000,567219
500000,568923844
500000,57000000
500000,57051053
500000,57189408
500000,57193655
500000,57229890
500000,57261763
500000,57263440
500000,57273049
500000,57293371
500000,57300000
500000,57362581
500000,57467731
500000,57469179
500000,57490024
500000,57520063
500000,57577765
51000000,57586606
51000000,57604723
51000000,57753825
52000000,57824533
52000000,57850343
52000000,57907734
52000000,57987299
52000000,570998101
52000000,572705079
52000000,573068425
52000000,574838
52000000,579446407
52000000,58011485
52500000,58085235
53000000,58163
53000000,58228460
53000000,58240458
53000000,58240487
53000000,58250151
53000000,58270391
53000000,58394308
53000000,58405313
53000000,58501127
53012938,58545540
54000000,58571513
54000000,58617334
54000000,58692
54000000,58792011
54000000,58807172
54000000,58809149
54000000,58855732
546173,58936
55000,58939035
55000000,58953319
55000000,58978653
55000000,584604126
55000000,585532684
55000000,586464305
55000000,586581936
55000000,587790539
55000000,589308
55000000,59168692
55000000,59183821
55000000,59424
55000000,59431365
55000000,59450353
55000000,59551283
55000000,59567035
55000000,59656
55000000,59667625
55000000,59675307
55000000,59696
55000000,59754601
55000000,59795070
55000000,59918422
55000000,59922558
55000000,59950623
55000000,590817
55000000,591692078
55000000,593933
55000000,594420283
55000000,595018
55000000,597989
55000000,598645
55000000,599516844
55000000,6000000
55000000,6000000
55000000,6000000
55000000,6000000
55000000,6026908
55000000,6030047
55000000,6030129
55000000,6047691
55000000,6049171
55000000,6071433
55000000,6093725
55000000,6100000
55000000,6118683
55000000,6121582
55000000,6148823
55000000,6154172
55000000,6157157
55000000,6173485
55000000,6176114
55000000,6197866
55000000,6200000
55000000,6201757
55000000,6205034
55000000,6225304
55000000,6239723
55000000,6244618
55000000,6248077
55000000,6260
55000000,6276869
55000000,6291602
55000000,6300451
550000,6341825
550000,6379575
550000,6401336
558000,6429865
56000000,6435262
56000000,6448817
56000000,6451628
56000000,6459183
560000,6460758
560000,6491969
560000,6504442
57000000,6521829
57000000,6537179
57000000,6551310
57000000,6552255
57000000,6553186
57500000,6561243
57500000,6586324
57500000,6590172
58000000,6591365
58000000,6600000
58000000,6615452
58000000,6618578
58000000,6626115
58000000,6632950
58000000,6656705
58000000,6706368
58000000,6719864
58000000,6734844
58000000,6755271
58000000,6784
58000000,6800000
6000,6800000
6000000,6812530
6000000,6830957
6000000,6831069
6000000,6832542
6000000,6841142
6000000,6852450
6000000,6870
6000000,6879730
6000000,6882696
6000000,6905861
6000000,6916869
6000000,6916951
6000000,6924321
6000000,6947084
6000000,6965361
6000000,6982680
6000000,60000000
6000000,60000000
6000000,60209334
6000000,60217171
6000000,60264805
6000000,60265197
6000000,60279822
6000000,60282876
6000000,60376247
6000000,60414025
6000000,60437727
6000000,60507228
6000000,60512680
6000000,60527873
6000000,60611845
6000000,60680125
6000000,60694737
6000000,60772856
6000000,60780981
6000000,60831067
6000000,60862471
6000000,60865364
6000000,602789
6000000,602920
6000000,606162
6000000,606836535
6000000,607987022
6000000,609042
6000000,61031932
6000000,61173364
6000000,61308153
6000000,61400000
6000000,61449135
6000000,61475984
6000000,61477797
6000000,61623819
6000000,61680792
6000000,61681268
6000000,61698899
6000000,61721826
6000000,61788393
6000000,61847
6000000,61894591
6000000,61950770
6000000,610776
6000000,614726752
6000000,615577068
6000000,615748877
6000000,616102924
6000000,617172
6000000,618638999
6000000,62020814
6000000,62063972
6000000,62076141
6000000,62097495
6000000,62108587
6000000,62176754
6000000,62209892
6000000,62226214
6100000,62375
6200000,62401343
6200000,62432423
6250000,62452927
6400000,62500000
6400000,62544
6400000,62546695
6400000,62561449
6500000,62599495
6500000,62646763
6500000,62761005
6500000,62831715
6500000,62967368
6500000,62989834
6500000,622273
6500000,622341924
6500000,623292
6500000,623374
6500000,623561331
6500000,624234272
6500000,626549695
6500000,627287
6500000,627422
6500000,627886287
6500000,629969804
6500000,63014
6500000,63078756
6500000,63118386
6537890,63129909
6600000,63180
6700000,63200000
6750000,63211088
6800000,63320521
6800000,63354114
6800000,63356133
6800000,63408614
6840000,63465522
6900000,63489752
6900000,63537164
6900000,63555
60000,63657941
60000,63706632
60000,63777092
60000,63781100
60000000,63802928
60000000,63954968
60000000,630427
60000000,630779
60000000,631910531
60000000,634803
60000000,634954103
60000000,635305
60000000,636706
60000000,638087983
60000000,639537208
60000000,64148
60000000,64170447
60000000,64171419
60000000,64188387
60000000,64232714
60000000,64240813
60000000,64252038
60000000,64352607
60000000,64359
60000000,64474705
60000000,64477051
60000000,64594061
60000000,64733391
60000000,644602516
60000000,648183
60000000,65063726
60000000,65084116
60000000,65090541
60000000,65121280
60000000,65261291
60000000,65282732
60000000,65303052
60000000,65343694
60000000,65390493
60000000,65409046
60000000,65454793
60000000,65532491
60000000,65532576
60000000,65595141
60000000,65700000
60000000,65705772
60000000,65716126
60000000,65754228
60000000,65842412
60000000,65967750
60000000,650523427
60000000,651899282
60000000,652127828
60000000,654213485
60000000,655538
60000000,656695615
60000000,66015869
60000000,66143005
60000000,66520529
60000000,66554547
60000000,66655938
60000000,66742138
60000000,66776908
60000000,66787173
60000000,66790248
60000000,66941559
60000000,66950887
60000000,66961644
60000000,661221
60000000,663851905
60000000,664837547
60000000,667999518
60000000,668913307
60000000,669276
60000000,67029956
60000000,67130045
60000000,67182787
60000000,67192859
60000000,67215435
60000000,67255916
60000000,67312826
60000000,67348218
60000000,67505
60000000,67647574
60000000,67665
60000000,67683989
60000000,67823573
60000000,67867998
60000000,67950723
60000000,672806292
60000000,673
60000000,673780
60000000,676698
60000000,677541920
60000000,677923379
60000000,679482
60000000,679850637
60000000,68079671
60000000,68170792
60000000,68220952
60000000,68336997
60000000,68349884
60000000,68452128
60000000,68467960
60000000,68541786
60000000,68582095
60000000,68613992
60000000,68695443
60000000,68700000
60000000,68712365
60000000,68722848
60000000,68838736
60720000,680914
600000,687557727
600000,689420051
600000,69057415
600000,69131860
600000,69157016
600000,69290699
600000,69411370
600000,69425966
600000,69538833
600000,69548641
600000,69582
600000,69688384
600000,69698495
600000,69701637
609000,69752402
61000000,69759296
61000000,69807260
61000000,69821476
61000000,69826708
62000000,69845011
62000000,69847348
62000000,69995385
62000000,690872
62000000,691880
62000000,694713230
625000,695941797
63000000,7000000
63000000,7000000
63000000,7000000
63000000,7000000
63700000,7000000
64000000,7000000
64000000,7009668
640000,7011317
65000,7012524
65000000,7017859
65000000,7018525
65000000,7022183
65000000,7033
65000000,7033931
65000000,7037886
65000000,7094995
65000000,7100000
65000000,7126002
65000000,7129670
65000000,7137502
65000000,7164995
65000000,7174984
65000000,7190505
65000000,7193
65000000,7200000
65000000,7203439
65000000,7229933
65000000,7282851
65000000,7285135
65000000,7301115
65000000,7313697
65000000,7315248
65000000,7369373
65000000,7389233
65000000,7396
65000000,7405084
65000000,7445044
65000000,7484
65000000,7501132
65000000,7503672
65000000,7555256
65000000,7556
65000000,7573551
65000000,7576604
65000000,7583050
65000000,7585011
65000000,7600000
65000000,7680
65000000,7684524
65000000,7712436
65000000,7714549
65000000,7729552
65000000,7755686
65000000,7756617
65000000,7777790
65000000,7785229
65000000,7799257
65000000,7800000
650000,7800000
650000,7808524
650000,7818479
650000,7824358
658000,7826
66000,7838405
66000000,7843145
66000000,7862131
66000000,7881335
67000000,7885048
67000000,7888000
67500000,7890
67500000,7900000
67500000,7943
672000,7950889
68000,7951247
68000,7974607
68000000,70000000
68000000,70001698
68000000,70027933
68000000,70064800
68000000,70164105
68000000,70165900
68000000,70187088
68000000,70200000
68000000,70216497
69000000,70326393
69000000,70355813
7000,70527
7000,70536870
7000,70546865
7000,70587268
7000000,70692101
7000000,70712099
7000000,70743839
7000000,70768144
7000000,70807
7000000,70836296
7000000,70906973
7000000,70937778
7000000,70949793
7000000,700868363
7000000,703
7000000,703020
7000000,706102828
7000000,708272592
7000000,708996336
7000000,71000000
7000000,71004627
7000000,71009334
7000000,71052604
7000000,71073932
7000000,71171825
7000000,71172251
7000000,71189835
7000000,71232214
7000000,71248
7000000,71390601
7000000,71430876
7000000,71485043
7000000,71523271
7000000,71558971
7000000,71594792
7000000,71644
7000000,71719931
7000000,71743823
7000000,71880305
7000000,710644566
7000000,713413
7000000,714401889
7000000,719699
7000000,72004159
7000000,72070955
7000000,72260
7000000,72277
7000000,72295262
7000000,72359917
7000000,72516819
7000000,72544
7000000,72571864
7000000,72689126
7000000,72703462
7000000,72785169
7000000,72835710
7000000,720539572
7000000,721108
7000000,723388
7000000,73000000
7000000,73026302
7000000,73180297
7000000,73206343
7000000,73239258
7000000,73326666
7000000,73421224
7000000,73521587
7000000,73695194
7000000,73706
7000000,73798720
7000000,73826768
7000000,73956241
7000000,73964713
7000000,73975239
7000000,731542621
7000000,731613
7000000,731767
7000000,738576929
7000000,74056184
7000000,74132631
7000000,74156610
7000000,74180745
7000000,74326015
7000000,74433837
7200000,74545591
7200000,74566042
7200000,74575290
7250000,74727492
7300000,74787599
7300000,74870866
7303082,740932
7400000,743216
7400000,743588329
7500000,746100054
7500000,746921271
7500000,747862775
7500000,749741
7500000,75078
7500000,75281179
7500000,75389090
7500000,75466595
7500000,75505856
7500000,75525718
7500000,75685268
7500000,75740479
7500000,75763814
7500000,75803716
7500000,75835124
7500000,75854588
7500000,75909673
7500000,75965567
7500000,756244673
7500000,757890267
7500000,758536735
7500000,759504
7700000,76086711
7700000,76119388
7800000,76200721
7900000,76235001
70000,76270454
70000,76347393
70000,76382
70000000,76416746
70000000,76482461
70000000,76654
70000000,76657000
70000000,76665507
70000000,76904429
70000000,76954311
70000000,760678
70000000,766652288
70000000,767820459
70000000,77063461
70000000,77121
70000000,77147031
70000000,77208711
70000000,77220596
70000000,77224232
70000000,77229695
70000000,77392139
70000000,77477297
70000000,77514401
70000000,77562568
70000000,77593167
70000000,77628265
70000000,77635035
70000000,77636443
70000000,77735925
70000000,771100771
70000000,773490
70000000,774905
70000000,776037086
70000000,78019031
70000000,78054825
70000000,78080697
70000000,78096553
70000000,78122
70000000,78208812
70000000,78269970
70000000,78353508
70000000,78356170
70000000,78481410
70000000,78571737
70000000,78613981
70000000,78652395
70000000,78656813
70000000,78693371
70000000,78714211
70000000,78769428
70000000,78900000
70000000,78948
70000000,78948765
70000000,780326
70000000,783705001
70702619,783733
700000,785964691
700000,786532
700000,786558145
700000,786598007
700000,786677
700000,788408539
700000,789300444
71500000,79076678
71682975,79114085
72000000,79123
72000000,79250193
72000000,79282312
72000000,79312301
72000000,79384539
72000000,79564960
72500000,79817937
72500000,79915361
72500000,79958599
72500000,791154
73000000,792965326
73000000,796688549
73000000,797439
73000000,8000000
73243106,8000000
730000,8000000
74000000,8000000
74000000,8000000
747000,8000000
75000,8000000
75000,8000000
75000000,8000000
75000000,8025872
75000000,8047525
75000000,8064972
75000000,8078683
75000000,8120148
75000000,8123860
75000000,8130727
75000000,8133256
75000000,8135024
75000000,8158
75000000,8165213
75000000,8173486
75000000,8178569
75000000,8200000
75000000,8200000
75000000,8200127
75000000,8208594
75000000,8221700
75000000,8224998
75000000,8231
75000000,8243567
75000000,8267066
75000000,8279017
75000000,8284331
75000000,8292914
75000000,8297
75000000,8300821
75000000,8302995
75000000,8322608
75000000,8361736
75000000,8370555
75000000,8373585
75000000,8374
75000000,8374062
75000000,8378141
75000000,8378853
75000000,8400000
75000000,8408835
75000000,8427204
75000000,8434601
75000000,8446952
75000000,8457974
750000,8462
750000,8488871
750000,8514325
750000,8539003
750000,8555
750000,8589831
750000,8592432
750000,8593154
750000,8607815
750000,8609949
750000,8629895
750000,8655397
76000000,8685632
76000000,8692898
76000000,8706701
76000000,8712564
77500000,8735529
77600000,8739576
775000,8761608
777000,8767338
78000000,8799
78000000,8800000
78000000,8801940
78000000,8824553
78000000,8845575
78000000,8864699
780000,8890094
79000000,8891623
79000000,8902141
79300000,8921050
8000000,8942516
8000000,8969065
8000000,80000000
8000000,80000000
8000000,80013623
8000000,80171596
8000000,80227619
8000000,80276156
8000000,80369970
8000000,80480566
8000000,80491516
8000000,80500000
8000000,80583311
8000000,80594860
8000000,80681183
8000000,80767884
8000000,80831893
8000000,800000
8000000,801029249
8000000,803798342
8000000,807330936
8000000,81079566
8000000,81150788
8000000,81197047
8000000,81198894
8000000,81204830
8000000,81249176
8000000,81250488
8000000,81275291
8000000,81338
8000000,81371
8000000,81424988
8000000,81452811
8000000,81461343
8000000,81529000
8000000,81600000
8000000,81613606
8000000,81742618
8000000,81831866
8000000,81897
8000000,81967450
8000000,81972846
8000000,814666
8000000,814801
8000000,817400878
8000000,82000000
8000000,82145379
8000000,82148538
8000000,82150183
8000000,82150642
8000000,82183683
8000000,82241110
8000000,82332450
8000000,82339483
8000000,82409520
8000000,82497035
8000000,82698
8000000,82751189
8000000,82780
8000000,82812456
8000000,82925064
8000000,82955633
8000000,82991460
8000000,821706375
8000000,823755831
8000000,828
8000000,829724737
8000000,83034523
8000000,83051676
8000000,83080084
8000000,83088295
8000000,83109359
8000000,83226569
8000000,83282296
8000000,83306268
8000000,83320000
8000000,83356
8200000,83453539
8200000,83529758
8250000,83531958
8300000,83593107
8300000,83660160
8300000,83792062
8300000,83833602
8300000,830700
8400000,832584416
8470000,834953
8500000,836519699
8500000,836641
8500000,839145
8500000,84154026
8500000,84606030
8500000,84646831
8500000,84689
8500000,84970337
8500000,841926
8500000,842693
8500000,844377
8500000,848998877
8500000,85131830
8500000,85146165
8500000,85278712
8500000,85300000
8500000,85315070
8500000,85343
8500000,85512300
8600000,85527
8800000,85527867
8800000,85632458
8900000,85761789
8900000,85911226
8900000,851690
80000000,852206
80000000,852399
80000000,853707581
80000000,858470006
80000000,859701857
80000000,86051320
80000000,86300000
80000000,86301599
80000000,86362372
80000000,86509602
80000000,86607223
80000000,86648359
80000000,86765463
80000000,86778557
80000000,86787530
80000000,86796502
80000000,86858578
80000000,86930411
80000000,861325
80000000,863895
80000000,864868047
80000000,865708
80000000,868160194
80000000,87000000
80000000,87041569
80000000,87098466
80000000,87100000
80000000,87123569
80000000,87145086
80000000,87173475
80000000,87226613
80000000,87264
80000000,87400000
80000000,87420776
80000000,87524497
80000000,87683966
80000000,87727807
80000000,87793
80000000,87949859
80000000,87956618
80000000,87973835
80000000,873617
80000000,875958307
80000000,878979634
80000000,879620923
80000000,879765137
80000000,88069880
80000000,88316835
80000000,88611837
80000000,88725100
80000000,88832210
80000000,88933562
80000000,88978458
80000000,881745
80000000,881950
80000000,882290
80000000,883887
80000000,884
80000000,886410
80000000,887000
80000000,887210985
80000000,89102315
80000000,89134
80000000,89309178
80000000,89441732
80000000,89476265
80000000,89758389
80000000,89895930
80000000,89955540
80000000,890875303
80000000,892506
800000,894030
800000,895932
800000,896911078
800000,9000000
800000,9000000
800000,9000000
800000,9000000
800000,9012000
800000,9017070
800000,9069
800000,9082906
800000,9097072
800000,9103630
81000000,9109597
82000000,9111
82000000,9118
82000000,9132000
82500000,9164370
82500000,9170214
82500000,9172000
82500000,9205924
820000,9208876
825000,9250000
825000,9261711
84000000,9266180
84000000,9286314
84000000,9297407
840000,9300336
85000000,9307166
85000000,9313302
85000000,9330465
85000000,9345061
85000000,9352089
85000000,9355369
85000000,9376444
85000000,9387581
85000000,9408183
85000000,9413956
85000000,9438074
85000000,9443864
85000000,9445081
85000000,9448623
85000000,9470209
85000000,9505996
85000000,9521458
85000000,9533964
85000000,9537120
85000000,9576159
85000000,9579068
85000000,9598
85000000,9600000
85000000,9615464
85000000,9662214
85000000,9669521
85000000,9676497
85000000,9700000
85000000,9709597
85000000,9729088
85000000,9791282
85000000,9812
85000000,9812870
85000000,9813309
85000000,9818792
85000000,9821335
850000,9837
850000,9871
850000,9930649
850000,9969237
850000,9981635
850000,90213
858000,90221182
86000000,90376224
87000,90384306
87000000,90396664
87500000,90420758
88000000,90453550
88000000,90482317
9000,90508336
9000000,90523726
9000000,90552675
9000000,90614445
9000000,90717684
9000000,90723216
9000000,90815558
9000000,90905178
9000000,90909
9000000,900
9000000,900000
9000000,900926
9000000,909000
9000000,909822
9000000,91036760
9000000,91116
9000000,91126600
9000000,91266581
9000000,91342494
9000000,91388487
9000000,91455875
9000000,91651878
9000000,91678442
9000000,91729503
9000000,91800000
9000000,91943956
9000000,915840
9000000,92094360
9000000,92111551
9000000,92217729
9000000,92256918
9000000,92357499
9000000,92494381
9000000,92542418
9000000,92618117
9000000,92670237
9000000,92678948
9000000,92690959
9000000,92723
9000000,92863945
9000000,92935067
9000000,92961960
9000000,92987651
9000000,926
9000000,927074
9000000,927107
9000000,929157
9000000,93074616
9000000,93394462
9000000,93469699
9000000,93589701
9000000,93631744
9100000,93672764
9100000,93931360
9200000,934699645
9200000,935083686
9200000,936429370
9300000,937008132
9400000,94050951
9400000,94207861
9400000,94215000
9500000,94270488
9500000,94500826
9500000,94596
9500000,94704227
9500000,94728529
9500000,94763758
9600000,94812
9700000,94875000
9800000,94894448
9900000,94944017
90000000,94973540
90000000,942943935
90000000,95092667
90000000,95104304
90000000,95204
90000000,95255485
90000000,95538560
90000000,95572749
90000000,95638592
90000000,95708457
90000000,95800000
90000000,95825125
90000000,95857262
90000000,95989590
90000000,955119788
90000000,958978
90000000,96024898
90000000,96068724
90000000,96096018
90000000,96147688
90000000,96148711
90000000,96221971
90000000,96398826
90000000,96439723
90000000,96469187
90000000,96633833
90000000,96666486
90000000,96673002
90000000,96734
90000000,96760
90000000,96793
90000000,96900000
90000000,96947540
90000000,96971293
90000000,960283305
90000000,960366855
90000000,963420425
90000000,963901123
90000000,968805
900000,97030468
900000,97143987
900000,97387965
900000,97413527
900000,97470701
900000,97523020
900000,97531134
900000,97600000
900000,97651543
91000000,97709034
910000,97778356
913000,97799865
92000000,97837138
92000000,973443
92000000,973613
92000000,974755371
92500000,975216835
93000000,978527
93000000,98114471
930000,98227017
94000000,98230839
94000000,98267558
94000000,98341932
94000000,98406855
94000000,98595211
95000000,98699769
95000000,98754000
95000000,98800000
95000000,98819789
95000000,98837872
95000000,98963392
95000000,98983590
95000000,987480140
95000000,99010667
95000000,99034125
95000000,99123656
95000000,99135571
950000,99147
950000,99296462
950000,99423000
950000,99595932
950000,99750000
950000,99823958
97000000,99870886
98000000,99930262
989000,994790
99000000,997921
